Région;Nombre de restaurants;Superficie (km²);Densité (restaurants/km²)
Centre;2;2987.73;0.000669
Plateau-Central;4;8592.96;0.000465
Centre-Sud;5;11586.34;0.000432
Sud-Ouest;5;16513.20;0.000303
Centre-Est;4;14492.32;0.000276
Centre-Nord;5;19740.46;0.000253
Nord;3;16486.26;0.000182
Cascades;3;18285.24;0.000164
Boucle du Mouhoun;5;34465.83;0.000145
Sahel;5;35365.63;0.000141
Hauts-Bassins;3;25337.35;0.000118
Est;5;47649.36;0.000105
Centre-Ouest;1;21706.66;0.000046
